taxID	depth10_read100_deam0.1	depth10_read100_deam0.2	depth10_read100_deam0.3	depth10_read100_deam0	depth10_read20_deam0.1	depth10_read20_deam0.2	depth10_read20_deam0.3	depth10_read20_deam0	depth10_read30_deam0.1	depth10_read30_deam0.2	depth10_read30_deam0.3	depth10_read30_deam0	depth10_read40_deam0.1	depth10_read40_deam0.2	depth10_read40_deam0.3	depth10_read40_deam0	depth10_read50_deam0.1	depth10_read50_deam0.2	depth10_read50_deam0.3	depth10_read50_deam0	depth10_read75_deam0.1	depth10_read75_deam0.2	depth10_read75_deam0.3	depth10_read75_deam0	depth1_read100_deam0.1	depth1_read100_deam0.2	depth1_read100_deam0.3	depth1_read100_deam0	depth1_read20_deam0.1	depth1_read20_deam0.2	depth1_read20_deam0.3	depth1_read20_deam0	depth1_read30_deam0.1	depth1_read30_deam0.2	depth1_read30_deam0.3	depth1_read30_deam0	depth1_read40_deam0.1	depth1_read40_deam0.2	depth1_read40_deam0.3	depth1_read40_deam0	depth1_read50_deam0.1	depth1_read50_deam0.2	depth1_read50_deam0.3	depth1_read50_deam0	depth1_read75_deam0.1	depth1_read75_deam0.2	depth1_read75_deam0.3	depth1_read75_deam0	depth20_read100_deam0.1	depth20_read100_deam0.2	depth20_read100_deam0.3	depth20_read100_deam0	depth20_read20_deam0.1	depth20_read20_deam0.2	depth20_read20_deam0.3	depth20_read20_deam0	depth20_read30_deam0.1	depth20_read30_deam0.2	depth20_read30_deam0.3	depth20_read30_deam0	depth20_read40_deam0.1	depth20_read40_deam0.2	depth20_read40_deam0.3	depth20_read40_deam0	depth20_read50_deam0.1	depth20_read50_deam0.2	depth20_read50_deam0.3	depth20_read50_deam0	depth20_read75_deam0.1	depth20_read75_deam0.2	depth20_read75_deam0.3	depth20_read75_deam0	depth2_read100_deam0.1	depth2_read100_deam0.2	depth2_read100_deam0.3	depth2_read100_deam0	depth2_read20_deam0.1	depth2_read20_deam0.2	depth2_read20_deam0.3	depth2_read20_deam0	depth2_read30_deam0.1	depth2_read30_deam0.2	depth2_read30_deam0.3	depth2_read30_deam0	depth2_read40_deam0.1	depth2_read40_deam0.2	depth2_read40_deam0.3	depth2_read40_deam0	depth2_read50_deam0.1	depth2_read50_deam0.2	depth2_read50_deam0.3	depth2_read50_deam0	depth2_read75_deam0.1	depth2_read75_deam0.2	depth2_read75_deam0.3	depth2_read75_deam0	depth40_read100_deam0.1	depth40_read100_deam0.2	depth40_read100_deam0.3	depth40_read100_deam0	depth40_read20_deam0.1	depth40_read20_deam0.2	depth40_read20_deam0.3	depth40_read20_deam0	depth40_read30_deam0.1	depth40_read30_deam0.2	depth40_read30_deam0.3	depth40_read30_deam0	depth40_read40_deam0.1	depth40_read40_deam0.2	depth40_read40_deam0.3	depth40_read40_deam0	depth40_read50_deam0.1	depth40_read50_deam0.2	depth40_read50_deam0.3	depth40_read50_deam0	depth40_read75_deam0.1	depth40_read75_deam0.2	depth40_read75_deam0.3	depth40_read75_deam0	depth5_read100_deam0.1	depth5_read100_deam0.2	depth5_read100_deam0.3	depth5_read100_deam0	depth5_read20_deam0.1	depth5_read20_deam0.2	depth5_read20_deam0.3	depth5_read20_deam0	depth5_read30_deam0.1	depth5_read30_deam0.2	depth5_read30_deam0.3	depth5_read30_deam0	depth5_read40_deam0.1	depth5_read40_deam0.2	depth5_read40_deam0.3	depth5_read40_deam0	depth5_read50_deam0.1	depth5_read50_deam0.2	depth5_read50_deam0.3	depth5_read50_deam0	depth5_read75_deam0.1	depth5_read75_deam0.2	depth5_read75_deam0.3	depth5_read75_deam0	depth60_read100_deam0.1	depth60_read100_deam0.2	depth60_read100_deam0.3	depth60_read100_deam0	depth60_read20_deam0.1	depth60_read20_deam0.2	depth60_read20_deam0.3	depth60_read20_deam0	depth60_read30_deam0.1	depth60_read30_deam0.2	depth60_read30_deam0.3	depth60_read30_deam0	depth60_read40_deam0.1	depth60_read40_deam0.2	depth60_read40_deam0.3	depth60_read40_deam0	depth60_read50_deam0.1	depth60_read50_deam0.2	depth60_read50_deam0.3	depth60_read50_deam0	depth60_read75_deam0.1	depth60_read75_deam0.2	depth60_read75_deam0.3	depth60_read75_deam0
0	0	0	0	0	0	0	0	0	0	0	0	0	0	0	0	0	0	0	0	0	0	0	0	0	0	0	0	0	0	0	0	0	0	0	0	0	0	0	0	0	0	0	0	0	0	0	0	0	0	0	0	0	0	0	0	0	0	0	0	0	0	0	0	0	0	0	0	0	0	0	0	0	0	0	0	0	0	0	0	0	0	0	0	0	0	0	0	0	0	0	0	0	0	0	0	0	0	0	0	0	0	0	0	0	0	0	0	0	0	0	0	0	0	0	0	0	0	0	0	0	0	0	0	0	0	0	0	0	0	0	0	0	0	0	0	0	0	0	0	0	0	0	0	0	0	0	0	0	0	0	0	0	0	0	0	0	0	0	0	0	0	0	0	0	0	0	0	0
562	1079	1099	1051	1130	0	0	0	0	7738	7762	7454	8583	18230	18020	17570	19980	18960	18060	18111	20473	19049	18546	18331	20446	111	108	122	98	0	0	0	0	794	740	736	886	1864	1838	1763	2021	1901	1910	1878	2064	1815	1900	1895	2076	2115	1996	2065	2207	0	0	0	0	15872	15444	15333	17200	36861	35951	35347	40124	37350	36853	36203	40907	37539	37303	35897	40968	208	205	218	230	0	0	0	0	1622	1548	1499	1789	3705	3631	3567	3978	3727	3703	3672	4057	3707	3701	3559	4007	4322	4268	4110	4742	0	0	0	0	31397	30876	30223	34709	73471	71931	70705	80294	75510	74140	71888	82225	75086	73384	72294	82327	522	545	518	599	0	0	0	0	4066	3891	3882	4259	9063	9162	8810	9975	9445	9189	9111	10427	9296	9366	9258	10281	6488	6209	5965	7101	0	0	0	0	47456	46279	45737	51965	110351	107555	106007	119533	112517	110613	108769	123103	112241	110483	108292	122779
9606	20	17	21	10	0	0	0	0	185	202	197	204	453	469	496	470	504	493	486	448	445	465	458	477	1	2	2	0	0	0	0	0	25	15	26	22	47	45	27	45	47	41	43	41	44	54	52	46	47	40	34	42	0	0	0	0	385	397	404	405	959	929	923	935	997	964	955	1012	918	919	924	928	9	1	4	2	0	0	0	0	25	34	50	40	82	91	104	95	87	76	104	88	100	89	85	87	68	62	68	66	0	0	0	0	748	783	758	765	1832	1916	1929	1886	1972	1894	1856	1979	1954	1931	1880	1962	4	11	5	12	0	0	0	0	96	127	103	83	215	229	247	217	238	237	243	256	220	254	255	242	94	104	87	100	0	0	0	0	1190	1196	1178	1104	2846	2780	2789	2769	2859	2781	2956	2858	2843	2874	2879	2770
10679	0	0	0	0	0	0	0	0	0	1	0	0	1	3	1	2	1	0	2	0	1	0	0	0	0	0	0	0	0	0	0	0	0	0	0	0	0	0	0	1	0	0	0	0	0	0	0	0	0	0	0	0	0	0	0	0	2	1	3	2	1	2	2	4	2	1	2	2	2	4	1	0	0	0	0	0	0	0	0	0	0	0	0	0	0	0	0	0	0	0	0	2	0	0	0	0	0	0	0	0	0	0	0	0	2	2	5	2	1	2	5	5	1	8	5	3	2	1	4	5	0	0	0	0	0	0	0	0	1	0	0	1	1	0	0	0	1	1	0	1	1	1	1	0	0	0	1	0	0	0	0	0	1	1	1	1	4	2	5	1	5	8	3	2	9	4	5	7
72197	0	1	0	0	0	0	0	0	7	2	2	6	18	9	10	13	12	13	15	9	8	14	12	14	0	0	0	0	0	0	0	0	0	0	0	0	1	0	1	0	0	1	1	2	0	1	2	3	0	0	2	1	0	0	0	0	5	9	5	11	23	28	20	21	22	23	21	37	16	25	21	23	0	0	0	0	0	0	0	0	1	0	1	2	3	5	0	3	4	1	4	0	2	1	1	1	0	1	2	1	0	0	0	0	16	12	18	22	34	38	52	50	54	37	38	44	36	42	47	57	0	0	0	0	0	0	0	0	2	1	3	1	5	1	4	9	9	12	4	7	5	5	6	9	2	3	5	1	0	0	0	0	21	14	18	22	67	72	60	85	65	66	64	74	62	57	60	77
227940	0	0	0	0	0	0	0	0	0	1	0	0	0	1	0	1	0	0	0	0	0	0	1	0	0	0	0	0	0	0	0	0	0	0	0	1	0	0	0	0	0	0	0	0	0	0	0	0	0	0	0	0	0	0	0	0	0	0	0	0	0	0	0	1	1	0	0	0	2	0	0	0	0	0	0	0	0	0	0	0	0	0	0	0	0	0	0	0	0	0	0	0	0	0	0	1	0	0	0	0	0	0	0	0	0	2	0	1	0	0	0	1	0	0	1	4	1	1	0	0	0	0	0	0	0	0	0	0	0	0	0	0	0	0	0	0	1	0	0	0	0	0	0	0	0	0	0	0	0	0	0	0	1	2	0	2	3	3	1	2	1	0	2	0	0	1	1	2
1236400	0	0	0	0	0	0	0	0	0	2	2	1	1	0	1	3	1	1	1	1	1	0	1	2	0	0	0	0	0	0	0	0	0	0	0	0	0	0	0	0	1	0	0	0	0	0	0	0	0	0	0	0	0	0	0	0	1	1	1	3	1	6	5	4	4	6	7	5	2	1	9	0	0	1	0	0	0	0	0	0	0	0	1	1	0	0	1	0	0	1	2	6	1	0	3	0	0	0	0	1	0	0	0	0	3	4	10	3	6	4	10	9	9	5	7	6	6	11	12	6	0	0	0	0	0	0	0	0	1	1	1	0	0	2	1	0	0	1	0	4	1	2	1	0	0	0	0	1	0	0	0	0	5	3	4	6	16	6	9	14	14	13	10	11	10	12	11	18
1891763	4	7	5	7	0	0	0	0	53	28	35	38	113	103	107	116	105	100	108	104	133	107	119	132	0	2	0	0	0	0	0	0	9	2	2	2	9	13	13	10	9	9	15	8	11	11	14	9	10	7	6	7	0	0	0	0	69	80	76	93	212	204	193	211	200	208	223	219	227	221	234	213	1	0	1	0	0	0	0	0	11	11	10	7	23	25	17	22	25	22	19	17	26	21	15	15	7	7	20	24	0	0	0	0	178	161	169	201	424	455	383	485	405	395	374	464	429	435	405	433	0	1	1	3	0	0	0	0	18	15	16	27	60	52	57	63	43	47	44	58	53	41	48	71	21	21	29	22	0	0	0	0	226	262	232	293	612	636	584	660	676	677	597	673	676	584	615	712
1891772	0	0	0	0	0	0	0	0	0	0	0	0	0	0	0	0	0	0	0	0	0	0	0	0	0	0	0	0	0	0	0	0	0	0	0	0	0	0	0	0	0	0	0	0	0	0	0	0	0	0	0	0	0	0	0	0	0	1	0	0	0	0	0	0	0	0	0	0	0	0	0	0	0	0	0	0	0	0	0	0	0	0	0	0	0	0	0	0	0	0	0	0	0	0	1	0	0	0	0	0	0	0	0	0	0	0	0	0	0	0	0	0	0	0	1	0	0	0	0	0	0	0	0	0	0	0	0	0	0	0	0	0	0	0	0	0	0	0	0	0	0	0	0	0	0	0	0	0	0	0	0	0	1	0	0	0	0	0	0	0	0	0	0	0	0	0	0	0
1977411	0	0	0	0	0	0	0	0	0	0	1	0	1	0	0	0	1	1	0	0	0	1	0	3	0	0	0	0	0	0	0	0	0	0	0	0	0	0	0	0	0	0	0	0	0	0	1	0	0	0	0	0	0	0	0	0	2	1	0	1	1	1	3	1	3	2	4	1	1	0	1	3	0	0	0	0	0	0	0	0	1	1	0	0	0	0	0	0	0	0	0	0	0	0	0	0	0	1	0	1	0	0	0	0	2	0	2	2	6	4	5	3	2	5	6	1	3	3	4	2	0	0	0	0	0	0	0	0	1	0	0	1	0	0	0	0	1	0	0	2	1	1	0	0	0	0	1	0	0	0	0	0	2	1	0	2	5	4	6	3	11	2	4	5	4	4	1	11
2006158	0	0	0	0	0	0	0	0	0	0	0	1	1	0	2	2	1	6	2	2	1	0	0	1	0	0	0	0	0	0	0	0	0	0	0	1	1	1	0	0	0	1	0	1	0	0	0	0	0	0	0	0	0	0	0	0	0	1	4	4	3	1	5	0	7	4	6	3	2	3	1	6	0	0	0	0	0	0	0	0	0	0	0	0	0	0	0	0	2	1	0	0	2	0	2	0	0	0	1	0	0	0	0	0	4	3	1	2	9	5	3	6	5	8	7	9	10	6	6	11	0	0	0	0	0	0	0	0	1	1	1	2	2	0	0	1	2	1	0	0	0	1	1	1	0	0	0	0	0	0	0	0	6	6	3	4	9	13	16	12	13	11	14	9	12	13	13	9
2057942	1	0	1	0	0	0	0	0	69	75	72	62	5	2	5	3	2	4	4	5	3	3	1	6	0	0	0	0	0	0	0	0	4	10	4	2	0	1	0	0	2	1	1	1	0	1	3	0	2	3	1	2	0	0	0	0	142	130	117	122	14	11	9	7	11	7	17	9	7	12	13	10	1	0	0	0	0	0	0	0	10	21	9	16	1	0	0	3	2	3	0	1	0	2	3	1	4	9	5	5	0	0	0	0	259	272	260	274	11	17	18	13	22	19	17	22	22	15	18	20	1	0	0	0	0	0	0	0	30	25	27	45	1	0	2	3	3	4	0	1	3	2	2	3	7	10	4	3	0	0	0	0	446	389	410	437	30	27	23	29	24	28	18	35	27	27	35	33
2560459	0	0	0	0	0	0	0	0	0	0	1	0	4	1	2	2	2	3	2	0	4	3	4	1	0	0	0	0	0	0	0	0	0	0	0	1	0	0	0	0	0	1	2	0	0	1	0	0	0	0	0	0	0	0	0	0	0	5	3	2	3	3	4	8	6	5	2	6	3	4	6	5	0	0	0	0	0	0	0	0	0	0	1	0	1	0	0	0	0	0	0	0	1	3	0	0	0	1	0	0	0	0	0	0	2	4	4	2	3	6	10	11	7	9	10	13	8	7	8	7	0	0	0	0	0	0	0	0	1	2	1	0	1	0	0	2	1	2	0	0	1	2	0	1	1	1	1	1	0	0	0	0	5	4	8	10	10	11	12	20	18	14	18	16	15	15	18	13
2732597	371985	372261	372046	371895	0	0	0	0	0	0	0	0	0	0	0	0	0	0	0	0	0	0	0	0	37214	37173	37201	37198	0	0	0	0	0	0	0	0	0	0	0	0	0	0	0	0	0	0	0	0	744164	744569	744525	743897	0	0	0	0	0	0	0	0	0	0	0	0	0	0	0	0	0	0	0	0	74368	74448	74433	74450	0	0	0	0	0	0	0	0	0	0	0	0	0	0	0	0	0	0	0	0	1488895	1488371	1488480	1488145	0	0	0	0	0	0	0	0	0	0	0	0	0	0	0	0	0	0	0	0	186032	186180	185991	186046	0	0	0	0	0	0	0	0	0	0	0	0	0	0	0	0	0	0	0	0	2232602	2232529	2232964	2231821	0	0	0	0	0	0	0	0	0	0	0	0	0	0	0	0	0	0	0	0
2844178	0	0	0	0	0	0	0	0	0	0	0	0	0	0	0	0	0	0	0	0	0	0	0	0	0	0	0	0	0	0	0	0	0	0	0	0	0	0	0	0	0	0	0	0	0	0	0	0	0	0	0	0	0	0	0	0	0	0	0	0	0	0	0	0	0	0	0	0	0	0	0	0	0	0	0	0	0	0	0	0	0	0	0	0	0	0	0	0	0	0	0	0	0	0	0	0	0	0	0	0	0	0	0	0	0	0	0	0	0	0	0	0	0	0	0	0	0	0	0	0	0	0	0	0	0	0	0	0	0	0	0	0	0	0	0	0	0	0	0	0	0	0	0	0	0	0	0	0	0	0	0	0	0	0	0	0	0	0	0	0	0	0	0	0	0	1	0	0
2844218	0	0	0	0	0	0	0	0	0	1	0	0	2	0	0	0	3	1	0	0	0	1	0	2	0	0	0	0	0	0	0	0	0	0	0	0	0	0	0	0	0	0	0	1	0	0	0	0	0	0	0	0	0	0	0	0	1	1	3	1	2	1	0	3	1	0	1	0	0	2	1	0	0	0	0	0	0	0	0	0	0	1	0	0	0	1	0	1	0	0	0	0	0	0	0	0	0	0	1	0	0	0	0	0	0	1	1	0	4	3	1	3	6	3	6	6	4	2	0	5	0	0	0	0	0	0	0	0	0	0	1	0	0	0	0	0	1	0	0	1	0	0	1	1	0	0	1	0	0	0	0	0	0	3	0	1	6	3	4	6	2	0	7	7	7	4	5	6
2844222	0	0	0	0	0	0	0	0	0	0	1	0	0	1	0	0	1	0	1	2	0	1	1	0	0	0	0	0	0	0	0	0	0	0	0	0	0	0	0	0	0	0	0	0	0	0	0	0	0	1	0	0	0	0	0	0	0	0	1	0	1	0	2	1	1	2	0	0	0	0	0	1	0	0	0	0	0	0	0	0	0	0	1	0	0	1	0	0	0	0	0	1	0	1	0	0	0	0	0	1	0	0	0	0	2	1	0	0	4	1	2	3	1	4	2	3	3	3	1	4	0	0	0	0	0	0	0	0	0	1	0	0	0	0	0	0	0	1	0	0	2	0	0	0	0	0	0	0	0	0	0	0	4	1	3	1	3	2	4	4	1	1	1	4	3	6	2	4
2844258	0	0	0	0	0	0	0	0	1	1	0	0	1	2	1	4	3	0	4	0	2	3	1	2	0	0	0	0	0	0	0	0	0	0	0	0	1	0	0	0	0	0	1	0	0	0	0	1	0	0	0	0	0	0	0	0	1	2	0	0	2	4	4	5	5	5	5	2	1	2	4	4	0	0	0	0	0	0	0	0	0	0	2	0	0	0	0	0	1	0	0	2	0	0	0	0	0	0	0	0	0	0	0	0	4	4	7	7	6	9	6	9	8	10	4	12	7	6	5	9	0	0	0	0	0	0	0	0	2	0	0	0	1	1	0	1	0	4	0	0	1	0	0	1	0	0	1	0	0	0	0	0	2	4	6	6	17	11	13	11	14	10	12	11	13	13	7	16
2844652	0	0	0	0	0	0	0	0	3	1	2	5	10	2	10	8	4	4	11	9	8	5	2	7	0	0	0	0	0	0	0	0	0	0	0	1	1	0	1	1	3	0	0	0	1	0	0	0	0	0	0	0	0	0	0	0	5	3	5	6	21	16	12	13	14	13	11	9	12	12	16	11	0	0	0	0	0	0	0	0	1	0	2	1	2	2	2	1	2	2	0	2	1	1	2	1	1	2	0	1	0	0	0	0	12	8	8	10	21	17	23	23	30	30	15	28	19	30	24	30	0	0	1	0	0	0	0	0	2	3	0	2	6	4	5	1	1	7	1	3	6	2	3	3	1	0	1	2	0	0	0	0	26	16	17	17	42	43	33	56	36	45	29	54	38	30	38	48
2845070	0	0	0	0	0	0	0	0	2	1	1	2	3	0	2	1	0	1	1	3	3	1	6	1	0	0	0	0	0	0	0	0	0	0	0	0	0	1	0	1	0	0	0	0	0	1	0	1	0	1	0	0	0	0	0	0	5	7	2	3	2	4	1	4	7	7	5	1	4	1	10	2	0	0	0	0	0	0	0	0	1	0	0	1	1	0	0	1	0	0	0	1	0	0	1	0	0	0	0	0	0	0	0	0	8	6	9	11	5	12	6	7	7	5	14	9	9	9	11	4	0	0	0	0	0	0	0	0	3	5	2	1	0	2	2	0	4	1	1	0	0	1	0	1	0	1	0	1	0	0	0	0	8	12	21	11	13	16	12	16	9	11	11	8	7	14	13	17
2939038	0	0	0	0	0	0	0	0	0	1	0	0	0	2	0	0	0	0	0	0	0	0	1	0	0	0	0	0	0	0	0	0	0	0	0	0	0	0	0	0	0	0	0	0	0	0	0	0	0	0	0	0	0	0	0	0	0	1	0	0	1	0	0	1	0	1	0	0	0	2	0	1	0	0	0	0	0	0	0	0	1	0	0	0	0	0	0	0	0	0	0	0	0	0	0	1	1	0	0	0	0	0	0	0	0	1	1	1	3	3	0	1	1	0	1	0	1	1	1	0	0	0	0	0	0	0	0	0	0	0	0	0	0	0	0	0	0	1	0	0	0	0	0	0	0	0	0	0	0	0	0	0	1	0	0	2	1	1	0	0	4	0	1	1	2	3	4	1
2956280	0	0	0	0	0	0	0	0	0	0	0	1	0	0	0	1	0	0	1	0	1	2	0	0	0	0	0	0	0	0	0	0	0	0	0	0	0	0	0	0	0	0	0	1	0	0	0	0	0	1	0	0	0	0	0	0	0	0	0	0	3	1	1	0	4	0	1	3	0	0	1	0	0	0	0	0	0	0	0	0	0	0	0	0	0	0	0	0	0	0	0	0	0	0	0	0	1	0	0	0	0	0	0	0	3	2	3	0	0	3	4	3	3	2	0	1	0	3	4	2	0	0	0	0	0	0	0	0	0	0	0	3	0	0	0	1	0	0	0	0	1	0	0	0	0	0	0	0	0	0	0	0	0	1	3	2	2	5	1	3	1	2	3	5	3	7	3	5
3050292	521	475	454	615	0	0	0	0	1927	1845	1779	2109	4187	4074	3915	4702	4152	4112	3916	4840	4171	4194	4085	4704	50	62	64	62	0	0	0	0	199	183	197	222	393	386	426	475	395	416	412	443	393	403	446	475	980	1000	897	1146	0	0	0	0	3751	3705	3720	4196	8259	7855	7831	9632	8561	8302	8032	9512	8439	8202	7855	9573	126	74	90	114	0	0	0	0	348	360	346	418	868	841	832	944	838	827	848	932	861	800	801	911	2039	1950	1886	2395	0	0	0	0	7584	7332	7184	8740	16540	16103	15787	18733	16890	16676	16095	18921	17077	16522	16169	18871	247	276	216	283	0	0	0	0	900	927	936	1059	2025	2038	1894	2378	2106	2058	2039	2404	2075	2095	2037	2427	2954	2831	2866	3488	0	0	0	0	11319	10935	10975	12747	24808	24057	23920	28028	25324	24783	24171	28331	25126	24684	24299	28485
3050297	451	443	439	484	0	0	0	0	1886	1777	1877	1954	4089	4049	4147	4585	4312	4232	4137	4713	4351	4242	4082	4521	51	49	43	50	0	0	0	0	184	156	173	216	409	417	403	469	462	389	415	439	414	411	401	456	938	873	864	1017	0	0	0	0	3602	3636	3543	3989	8399	8153	8162	8913	8547	8446	8199	9083	8609	8469	8178	9160	82	98	70	104	0	0	0	0	421	343	343	411	836	792	838	924	894	807	858	903	875	821	840	929	1855	1812	1695	1966	0	0	0	0	7475	7144	7210	8191	16723	16477	15989	17820	17109	16781	16584	18303	17044	16564	16546	18517	209	211	210	252	0	0	0	0	910	936	910	1024	2054	2028	2051	2272	2175	2069	2086	2220	2114	2114	2092	2276	2793	2707	2578	2960	0	0	0	0	11071	11010	10822	12074	25181	24374	24278	27097	25739	25341	24850	27660	25629	25346	24677	27226
3052189	9	10	6	7	0	0	0	0	54	63	66	60	140	149	144	162	158	171	121	153	123	154	140	171	1	1	2	0	0	0	0	0	5	10	3	9	12	10	6	26	14	9	12	23	15	14	7	17	11	13	7	16	0	0	0	0	105	111	101	149	258	289	289	296	312	265	237	299	305	262	267	333	1	1	3	1	0	0	0	0	19	8	9	23	32	32	30	36	31	23	33	42	28	17	41	31	12	16	21	20	0	0	0	0	248	202	229	290	523	559	557	584	566	521	528	601	538	574	558	627	0	0	1	5	0	0	0	0	28	39	29	29	78	83	61	67	71	70	52	72	83	76	74	83	33	33	28	36	0	0	0	0	359	341	390	401	867	878	868	910	850	856	816	921	850	847	844	977
3431302	4	1	2	1	0	0	0	0	29	23	30	32	67	70	66	77	72	59	74	76	58	58	76	80	0	0	1	0	0	0	0	0	3	2	2	4	9	6	6	7	5	4	7	6	9	2	10	4	2	7	2	4	0	0	0	0	52	53	47	57	117	150	128	144	131	129	116	143	135	116	116	133	0	1	0	0	0	0	0	0	7	5	4	4	15	10	15	12	16	14	14	14	17	13	14	13	13	7	12	16	0	0	0	0	117	90	107	103	255	266	271	293	272	276	288	259	231	286	268	323	2	0	4	5	0	0	0	0	11	14	10	16	32	30	22	30	21	28	32	45	37	43	33	45	16	16	14	14	0	0	0	0	173	171	132	174	378	376	362	426	363	395	380	403	394	373	385	420
3431303	0	1	0	0	0	0	0	0	2	1	3	1	5	1	3	1	1	2	5	5	2	0	1	1	0	0	0	0	0	0	0	0	0	0	0	0	0	0	0	0	0	1	0	0	0	0	1	0	0	1	1	0	0	0	0	0	2	2	3	3	5	3	2	3	2	3	3	3	2	3	6	4	0	0	0	0	0	0	0	0	0	1	0	0	0	0	1	0	3	1	0	0	0	0	0	0	0	0	1	0	0	0	0	0	4	5	3	2	5	14	9	6	6	3	8	7	12	5	9	11	0	0	0	0	0	0	0	0	0	1	0	2	1	1	1	0	0	2	0	0	0	2	0	1	0	0	0	0	0	0	0	0	9	8	10	4	9	8	10	10	12	12	14	9	10	7	10	14
3431304	0	0	0	0	0	0	0	0	0	0	0	0	0	0	0	0	0	0	0	0	0	0	0	0	0	0	0	0	0	0	0	0	0	0	0	0	0	0	0	0	0	0	0	0	0	0	0	0	0	0	0	0	0	0	0	0	0	0	0	0	0	0	0	0	1	0	0	0	0	0	0	0	0	0	0	0	0	0	0	0	0	0	0	0	0	0	0	0	0	0	0	0	0	0	0	0	0	0	0	0	0	0	0	0	0	0	0	0	1	0	0	0	0	0	0	0	0	0	0	0	0	0	0	0	0	0	0	0	0	0	0	0	0	0	0	0	0	0	0	0	0	0	0	0	0	0	0	0	0	0	0	0	0	0	0	0	0	0	0	0	0	0	0	0	0	0	0	0
3431460	0	0	0	0	0	0	0	0	1	1	0	3	0	0	1	0	0	0	0	0	0	1	1	1	0	0	0	0	0	0	0	0	0	0	0	0	1	0	0	0	0	0	0	0	0	0	0	0	0	1	0	0	0	0	0	0	4	1	2	1	2	1	1	1	2	0	0	5	0	0	2	0	0	0	0	0	0	0	0	0	0	0	0	0	0	0	0	0	0	0	0	0	0	0	0	0	0	0	0	0	0	0	0	0	3	2	4	3	4	2	4	1	5	4	4	3	0	4	1	1	0	0	0	0	0	0	0	0	0	0	0	0	0	1	1	0	0	0	1	0	0	1	0	1	0	0	0	0	0	0	0	0	0	4	3	5	6	3	3	2	8	6	1	8	5	4	1	8
3431462	0	0	0	0	0	0	0	0	0	0	1	0	3	1	1	6	0	6	4	1	4	4	1	2	0	0	0	0	0	0	0	0	0	0	0	0	0	1	0	0	0	0	0	0	1	0	0	0	1	0	0	0	0	0	0	0	2	0	0	4	4	1	5	9	4	3	6	1	2	4	4	3	0	0	0	0	0	0	0	0	0	0	0	0	0	0	0	0	1	0	0	1	0	1	3	0	0	1	0	0	0	0	0	0	4	9	5	4	7	8	8	7	4	5	11	9	7	6	7	9	0	0	0	0	0	0	0	0	0	0	1	1	0	2	1	1	1	3	1	0	1	1	2	1	0	0	1	0	0	0	0	0	4	6	2	10	10	18	12	13	8	13	16	19	11	8	11	17
3431467	0	0	0	0	0	0	0	0	0	0	0	0	0	0	0	0	0	0	0	0	0	0	0	0	0	0	0	0	0	0	0	0	0	0	0	0	0	0	0	0	0	0	0	0	0	0	0	0	0	0	0	0	0	0	0	0	0	0	0	0	0	0	0	0	0	0	0	0	0	1	0	0	0	0	0	0	0	0	0	0	0	0	0	0	0	0	0	0	0	0	0	0	0	0	0	0	0	0	0	0	0	0	0	0	0	0	0	0	0	0	0	0	1	0	0	0	0	0	0	0	0	0	0	0	0	0	0	0	0	0	0	0	0	0	0	0	0	0	0	0	0	0	0	0	0	0	0	0	0	0	0	0	0	0	0	0	0	0	0	0	0	0	0	0	0	0	0	0
3431487	219	187	197	211	0	0	0	0	1710	1716	1744	1836	4088	4035	4022	4377	4170	4224	4027	4333	4223	4035	4058	4338	19	24	18	22	0	0	0	0	174	182	171	170	402	403	399	412	385	406	387	438	441	402	431	402	429	372	397	427	0	0	0	0	3455	3443	3305	3670	8166	7888	7937	8596	8352	8283	8115	8790	8482	8095	8272	8773	32	37	40	47	0	0	0	0	376	352	317	367	834	812	814	830	820	865	811	889	873	842	762	879	730	737	725	832	0	0	0	0	6820	6902	6757	7370	16292	15942	15886	17136	16771	16509	16141	17754	16754	16495	16562	17698	93	96	94	113	0	0	0	0	863	836	838	934	2012	2035	1973	2201	2059	2070	2001	2248	2049	2124	2044	2306	1142	1131	1148	1270	0	0	0	0	10359	10205	10070	10992	24217	24165	23791	25815	25155	24628	24610	26646	25174	24460	24605	26729
3432500	0	0	0	0	0	0	0	0	0	0	0	0	0	0	0	0	0	0	0	0	0	0	0	0	0	0	0	0	0	0	0	0	0	0	0	0	0	0	0	0	0	0	0	0	0	0	0	0	0	0	0	1	0	0	0	0	0	0	0	0	0	0	0	0	0	0	0	0	0	0	0	0	0	0	0	0	0	0	0	0	0	0	0	0	0	0	0	0	0	0	0	0	0	0	0	0	0	0	1	0	0	0	0	0	0	0	0	0	0	0	0	0	0	0	0	0	0	0	0	0	0	0	0	0	0	0	0	0	0	0	0	0	0	0	0	0	0	0	0	0	0	0	0	0	2	0	3	0	0	0	0	0	0	0	0	0	0	0	0	0	0	0	0	0	0	0	0	0
